Company,Location,Year
ALFA ROMEO,Italy,1910
Aston Martin Lagonda Ltd,UK,1913
Audi,Germany,1909
BMW,Germany,1916
Chevrolet,,
Dodge,USA,1900
Ferrari,Italy,1947
Honda,Japan,1948
Jaguar,UK,1922
Lamborghini,Italy,1963
MAZDA,Japan,1920
McLaren,UK,1985
Mercedes-Benz,Germany,
NISSAN,Japan,1933
Pagani Automobili S.p.A.,Italy,1992
Porsche,Germany,1931
FIAT,,1899
Mini,Germany,1969
SCION,,
Subaru,Japan,1953
Bentley,UK,1919
Buick,USA,1899
Ford,USA,1903
HYUNDAI MOTOR COMPANY,South Korea,1967
LEXUS,Japan,1989
MASERATI,Italy,1914
Roush,,
Volkswagen,Germany,1937
Acura,Japan,1986
Cadillac,USA,1902
INFINITI,Hong Kong,1989
KIA MOTORS CORPORATION,South Korea,1944
Mitsubishi Motors Corporation,Japan,1970
Rolls-Royce Motor Cars Limited,UK,1904
TOYOTA,Japan,1937
Volvo,Sweden,1927
Chrysler,USA,1925
Lincoln,USA,1917
GMC,USA,1911
RAM,USA,
CHEVROLET,USA,1911
Jeep,USA,1943
Land Rover,UK,1948
